{
  "method": "WFRIM",
  "results": {
    "ranking": [
      "A4",
      "A5",
      "A7",
      "A8",
      "A2",
      "A6",
      "A3",
      "A10",
      "A9",
      "A1",
      "A11"
    ],
    "scores": {
      "A1": 0.715537,
      "A2": 0.820504,
      "A3": 0.761971,
      "A4": 0.883447,
      "A5": 0.865669,
      "A6": 0.767131,
      "A7": 0.854411,
      "A8": 0.844058,
      "A9": 0.727992,
      "A10": 0.742314,
      "A11": 0.655158
    },
    "normalized_weights": {
      "A1": {
        "C1": 0.056053,
        "C2": 0.0,
        "C3": 0.143262,
        "C4": 0.109779,
        "C5": 0.0,
        "C6": 0.049955
      },
      "A2": {
        "C1": 0.13986,
        "C2": 0.120719,
        "C3": 0.13683,
        "C4": 0.118757,
        "C5": 0.02649,
        "C6": 0.125826
      },
      "A3": {
        "C1": 0.142342,
        "C2": 0.014128,
        "C3": 0.131316,
        "C4": 0.082215,
        "C5": 0.02649,
        "C6": 0.124739
      },
      "A4": {
        "C1": 0.147307,
        "C2": 0.097936,
        "C3": 0.142803,
        "C4": 0.109779,
        "C5": 0.13376,
        "C6": 0.12051
      },
      "A5": {
        "C1": 0.137378,
        "C2": 0.112517,
        "C3": 0.117072,
        "C4": 0.104975,
        "C5": 0.13376,
        "C6": 0.127952
      },
      "A6": {
        "C1": 0.0,
        "C2": 0.098848,
        "C3": 0.103287,
        "C4": 0.116355,
        "C5": 0.13376,
        "C6": 0.0
      },
      "A7": {
        "C1": 0.136668,
        "C2": 0.099759,
        "C3": 0.115693,
        "C4": 0.095997,
        "C5": 0.13376,
        "C6": 0.128484
      },
      "A8": {
        "C1": 0.149435,
        "C2": 0.135299,
        "C3": 0.138208,
        "C4": 0.111971,
        "C5": 0.13376,
        "C6": 0.029321
      },
      "A9": {
        "C1": 0.044959,
        "C2": 0.024724,
        "C3": 0.110639,
        "C4": -0.001744,
        "C5": 0.13376,
        "C6": 0.039819
      },
      "A10": {
        "C1": 0.028026,
        "C2": 0.12163,
        "C3": 0.105585,
        "C4": 0.004578,
        "C5": 0.13376,
        "C6": 0.024615
      },
      "A11": {
        "C1": 0.033865,
        "C2": 0.0,
        "C3": 0.0,
        "C4": 0.030954,
        "C5": 0.00106,
        "C6": 0.029683
      }
    }
  }
}
